Id,SalePrice_hat_rf_caret,SalePrice
1461,125453.85457466263,125453.85457466263
1462,151473.5230817689,151473.5230817689
1463,178648.37690471258,178648.37690471258
1464,183164.1884008553,183164.1884008553
1465,187005.88055436517,187005.88055436517
1466,184868.29782008586,184868.29782008586
1467,174517.64574368103,174517.64574368103
1468,175501.34754001844,175501.34754001844
1469,179946.1383054409,179946.1383054409
1470,121137.82466730931,121137.82466730931
1471,195875.22118025544,195875.22118025544
1472,94935.65691126394,94935.65691126394
1473,97747.89483695978,97747.89483695978
1474,148177.83381534726,148177.83381534726
1475,120081.4901888087,120081.4901888087
1476,359212.1429579991,359212.1429579991
1477,256927.16421220946,256927.16421220946
1478,289263.32275952114,289263.32275952114
1479,253860.77652162252,253860.77652162252
1480,465755.1938508996,465755.1938508996
1481,312990.08647471183,312990.08647471183
1482,206349.70335842716,206349.70335842716
1483,179919.75700627704,179919.75700627704
1484,167873.25505589545,167873.25505589545
1485,173557.3133916838,173557.3133916838
1486,200119.55310646255,200119.55310646255
1487,309675.70301854506,309675.70301854506
1488,239469.0789562644,239469.0789562644
1489,205318.41315159417,205318.41315159417
1490,202147.66649307762,202147.66649307762
1491,191648.0334289619,191648.0334289619
1492,102878.83717279442,102878.83717279442
1493,178768.4646142749,178768.4646142749
1494,303121.71961979615,303121.71961979615
1495,293389.7138804177,293389.7138804177
1496,222526.668569866,222526.668569866
1497,176491.4160856748,176491.4160856748
1498,153413.88914268426,153413.88914268426
1499,152103.29107743944,152103.29107743944
1500,155863.69296187712,155863.69296187712
1501,172268.3597626721,172268.3597626721
1502,151425.6603743873,151425.6603743873
1503,272352.7582945917,272352.7582945917
1504,230643.0179276204,230643.0179276204
1505,216208.9483682555,216208.9483682555
1506,174755.26905572106,174755.26905572106
1507,243298.43249583882,243298.43249583882
1508,188669.32379931895,188669.32379931895
1509,160311.23999038592,160311.23999038592
1510,149427.56989429213,149427.56989429213
1511,146457.46273152673,146457.46273152673
1512,164438.0030862862,164438.0030862862
1513,141628.63257922983,141628.63257922983
1514,162323.35442157008,162323.35442157008
1515,188803.8107850088,188803.8107850088
1516,160497.47382189776,160497.47382189776
1517,148288.26915701007,148288.26915701007
1518,128151.08608113907,128151.08608113907
1519,227261.1982159764,227261.1982159764
1520,136747.62749651796,136747.62749651796
1521,141447.01623090886,141447.01623090886
1522,166991.51163048248,166991.51163048248
1523,113880.3013591108,113880.3013591108
1524,119494.65014004303,119494.65014004303
1525,126099.54853936257,126099.54853936257
1526,129345.44489141859,129345.44489141859
1527,101459.06070581336,101459.06070581336
1528,128626.63139961811,128626.63139961811
1529,142436.26262682327,142436.26262682327
1530,165239.20870229407,165239.20870229407
1531,124913.40527128594,124913.40527128594
1532,105014.83906962589,105014.83906962589
1533,144238.5160428809,144238.5160428809
1534,119269.90521710359,119269.90521710359
1535,152906.47207715263,152906.47207715263
1536,118528.8458446502,118528.8458446502
1537,91360.27757815892,91360.27757815892
1538,155695.0042573946,155695.0042573946
1539,197937.30178515223,197937.30178515223
1540,118491.92881331597,118491.92881331597
1541,144586.72634693736,144586.72634693736
1542,138535.96039326803,138535.96039326803
1543,196391.73910322986,196391.73910322986
1544,88402.18605222335,88402.18605222335
1545,97838.02305383589,97838.02305383589
1546,121488.235292138,121488.235292138
1547,137850.2268336311,137850.2268336311
1548,128663.46674916463,128663.46674916463
1549,109470.72857413662,109470.72857413662
1550,139379.31458019774,139379.31458019774
1551,119087.40475790728,119087.40475790728
1552,138964.96031832142,138964.96031832142
1553,142202.59532892326,142202.59532892326
1554,106982.01132652524,106982.01132652524
1555,166288.89049513117,166288.89049513117
1556,94264.59447743987,94264.59447743987
1557,117343.87104624031,117343.87104624031
1558,91890.59652529996,91890.59652529996
1559,108635.20626977047,108635.20626977047
1560,141656.1979138337,141656.1979138337
1561,139990.032524643,139990.032524643
1562,124560.95999638045,124560.95999638045
1563,124301.24589377517,124301.24589377517
1564,157144.24709172075,157144.24709172075
1565,154558.14729745325,154558.14729745325
1566,216921.02538642092,216921.02538642092
1567,84075.68069190846,84075.68069190846
1568,210802.0277347587,210802.0277347587
1569,139493.76949051645,139493.76949051645
1570,130735.18490411193,130735.18490411193
1571,128640.93740769259,128640.93740769259
1572,143671.72132985218,143671.72132985218
1573,235664.017064982,235664.017064982
1574,121020.80134337363,121020.80134337363
1575,209359.01553369948,209359.01553369948
1576,224269.3337324144,224269.3337324144
1577,202899.7252999793,202899.7252999793
1578,143069.3204162468,143069.3204162468
1579,144324.5918450741,144324.5918450741
1580,191620.94643603195,191620.94643603195
1581,133160.25614137948,133160.25614137948
1582,127163.77264172086,127163.77264172086
1583,342121.27200640313,342121.27200640313
1584,240583.15972907055,240583.15972907055
1585,140838.70898757054,140838.70898757054
1586,76259.16844869296,76259.16844869296
1587,103339.84215893254,103339.84215893254
1588,143253.2220972753,143253.2220972753
1589,106600.45148452591,106600.45148452591
1590,132668.59833007367,132668.59833007367
1591,104957.34748433268,104957.34748433268
1592,126867.88483711761,126867.88483711761
1593,115572.75645633368,115572.75645633368
1594,124525.69886777985,124525.69886777985
1595,119928.36625172837,119928.36625172837
1596,206042.00647481912,206042.00647481912
1597,167678.21907711448,167678.21907711448
1598,183182.01332398757,183182.01332398757
1599,168202.14277775233,168202.14277775233
1600,178475.3667865461,178475.3667865461
1601,65185.262961132175,65185.262961132175
1602,105621.64294124207,105621.64294124207
1603,96890.0677207221,96890.0677207221
1604,272808.1489937097,272808.1489937097
1605,256058.87988751303,256058.87988751303
1606,168018.09622883986,168018.09622883986
1607,164393.80344132078,164393.80344132078
1608,213967.65045162503,213967.65045162503
1609,197396.84421605273,197396.84421605273
1610,162953.60514205453,162953.60514205453
1611,147854.94177259412,147854.94177259412
1612,174526.4937471014,174526.4937471014
1613,175574.01311823376,175574.01311823376
1614,124627.38641982352,124627.38641982352
1615,84877.27020507691,84877.27020507691
1616,78559.8016941929,78559.8016941929
1617,87466.10981882535,87466.10981882535
1618,125899.65403442514,125899.65403442514
1619,132698.19063490725,132698.19063490725
1620,173369.0349025464,173369.0349025464
1621,143361.6715942908,143361.6715942908
1622,139811.65823145144,139811.65823145144
1623,289258.71989253,289258.71989253
1624,211887.12862285055,211887.12862285055
1625,125885.84332125273,125885.84332125273
1626,173431.92451616097,173431.92451616097
1627,188353.37178888044,188353.37178888044
1628,272577.72640797775,272577.72640797775
1629,176450.77218129198,176450.77218129198
1630,325557.62016713334,325557.62016713334
1631,217840.57536546132,217840.57536546132
1632,249327.3396244555,249327.3396244555
1633,170038.60922659794,170038.60922659794
1634,182302.15210107333,182302.15210107333
1635,181714.5755940903,181714.5755940903
1636,165499.04537719738,165499.04537719738
1637,181336.06909707605,181336.06909707605
1638,202759.265393422,202759.265393422
1639,183994.24780868008,183994.24780868008
1640,252981.53779252418,252981.53779252418
1641,179892.22449480847,179892.22449480847
1642,218362.15109466913,218362.15109466913
1643,224301.0797679764,224301.0797679764
1644,223959.4050680166,223959.4050680166
1645,184767.65294285494,184767.65294285494
1646,155922.40809527563,155922.40809527563
1647,157196.01537222348,157196.01537222348
1648,134496.97222100865,134496.97222100865
1649,136702.02426324508,136702.02426324508
1650,122308.61566840448,122308.61566840448
1651,121088.65192615385,121088.65192615385
1652,92361.31243329281,92361.31243329281
1653,94897.34809835846,94897.34809835846
1654,152564.38168234177,152564.38168234177
1655,144941.8584428678,144941.8584428678
1656,146741.33472844135,146741.33472844135
1657,152870.8340761899,152870.8340761899
1658,146696.90472822063,146696.90472822063
1659,128913.98509899293,128913.98509899293
1660,148562.28116695862,148562.28116695862
1661,443619.19386747404,443619.19386747404
1662,350718.6963357845,350718.6963357845
1663,374263.3683821243,374263.3683821243
1664,410271.217801487,410271.217801487
1665,302748.9270566195,302748.9270566195
1666,327829.5393430357,327829.5393430357
1667,337905.2490218555,337905.2490218555
1668,322052.2365803802,322052.2365803802
1669,283633.0260737038,283633.0260737038
1670,339801.1027362328,339801.1027362328
1671,269372.43024494307,269372.43024494307
1672,463294.90971516375,463294.90971516375
1673,300419.16548901214,300419.16548901214
1674,250427.79695347807,250427.79695347807
1675,192045.14498811093,192045.14498811093
1676,190786.4657232126,190786.4657232126
1677,213243.29980947103,213243.29980947103
1678,449998.56957698194,449998.56957698194
1679,384362.27555927244,384362.27555927244
1680,308103.2166246497,308103.2166246497
1681,241127.29385090698,241127.29385090698
1682,307778.3105453445,307778.3105453445
1683,187704.26508869376,187704.26508869376
1684,172860.7952591106,172860.7952591106
1685,173282.10373526264,173282.10373526264
1686,170531.8771046175,170531.8771046175
1687,168819.76767810134,168819.76767810134
1688,187792.54766529132,187792.54766529132
1689,187400.96725886306,187400.96725886306
1690,186484.30611181108,186484.30611181108
1691,174019.1548765457,174019.1548765457
1692,250222.086881456,250222.086881456
1693,169390.75632798375,169390.75632798375
1694,183352.90447061846,183352.90447061846
1695,171675.28220456722,171675.28220456722
1696,277261.1290572613,277261.1290572613
1697,172280.57589088127,172280.57589088127
1698,340063.1695795343,340063.1695795343
1699,324215.4258743023,324215.4258743023
1700,240798.9994087707,240798.9994087707
1701,260001.05711780803,260001.05711780803
1702,261668.00012898637,261668.00012898637
1703,262667.07116215135,262667.07116215135
1704,306177.2956307387,306177.2956307387
1705,221431.68384352207,221431.68384352207
1706,418514.1708964566,418514.1708964566
1707,214802.63380670574,214802.63380670574
1708,217188.8999668585,217188.8999668585
1709,273356.8518748597,273356.8518748597
1710,223400.9420486536,223400.9420486536
1711,252461.519836462,252461.519836462
1712,256803.42148553158,256803.42148553158
1713,264857.1762616597,264857.1762616597
1714,216345.34446303276,216345.34446303276
1715,200978.44406619453,200978.44406619453
1716,185822.78890926405,185822.78890926405
1717,163159.3959944559,163159.3959944559
1718,124473.65893492989,124473.65893492989
1719,207488.4258457797,207488.4258457797
1720,249265.35994972955,249265.35994972955
1721,162852.87612062108,162852.87612062108
1722,121355.9164006402,121355.9164006402
1723,162478.2327192624,162478.2327192624
1724,213833.78135663393,213833.78135663393
1725,225283.57658755188,225283.57658755188
1726,192769.23943501886,192769.23943501886
1727,171996.795056027,171996.795056027
1728,185031.6239041158,185031.6239041158
1729,164176.07594040662,164176.07594040662
1730,161649.36266223167,161649.36266223167
1731,122554.0405457524,122554.0405457524
1732,131046.45363008679,131046.45363008679
1733,122908.14700896452,122908.14700896452
1734,131206.8643322673,131206.8643322673
1735,131266.717914564,131266.717914564
1736,117813.09630427088,117813.09630427088
1737,314756.17025503644,314756.17025503644
1738,212084.45539736052,212084.45539736052
1739,271033.0120900427,271033.0120900427
1740,207219.64698577055,207219.64698577055
1741,175608.71498430043,175608.71498430043
1742,171127.779277869,171127.779277869
1743,174869.94940457155,174869.94940457155
1744,279843.3021083624,279843.3021083624
1745,198859.66574507407,198859.66574507407
1746,210369.80164121618,210369.80164121618
1747,207215.8446305928,207215.8446305928
1748,215775.77903981,215775.77903981
1749,159919.43312148782,159919.43312148782
1750,146972.34251651712,146972.34251651712
1751,223862.90054925025,223862.90054925025
1752,122979.75459464497,122979.75459464497
1753,149335.88271001054,149335.88271001054
1754,202197.55047079598,202197.55047079598
1755,163250.72153273175,163250.72153273175
1756,123543.60514600296,123543.60514600296
1757,118832.8151257495,118832.8151257495
1758,144035.56567047577,144035.56567047577
1759,166851.69992655911,166851.69992655911
1760,158515.6325848996,158515.6325848996
1761,158165.78464452806,158165.78464452806
1762,170202.4596627874,170202.4596627874
1763,163579.76027457634,163579.76027457634
1764,116993.95408655849,116993.95408655849
1765,164481.63460076583,164481.63460076583
1766,167816.7546197399,167816.7546197399
1767,215467.21284064636,215467.21284064636
1768,139537.7208146476,139537.7208146476
1769,160193.64804654793,160193.64804654793
1770,141872.28323969222,141872.28323969222
1771,136179.00528405918,136179.00528405918
1772,138194.75165839237,138194.75165839237
1773,137849.98161644425,137849.98161644425
1774,133374.69871623974,133374.69871623974
1775,127511.76795787681,127511.76795787681
1776,113614.48111129054,113614.48111129054
1777,114813.55809660493,114813.55809660493
1778,127191.62583432863,127191.62583432863
1779,112759.43755336312,112759.43755336312
1780,176478.17063763613,176478.17063763613
1781,126705.59578063137,126705.59578063137
1782,96388.55539720034,96388.55539720034
1783,131582.291582902,131582.291582902
1784,94715.47883956142,94715.47883956142
1785,109952.57808306934,109952.57808306934
1786,148538.62254676616,148538.62254676616
1787,161792.04333354646,161792.04333354646
1788,61741.614102167994,61741.614102167994
1789,102329.18625689071,102329.18625689071
1790,77584.98732954645,77584.98732954645
1791,168991.52519047045,168991.52519047045
1792,154156.96430508327,154156.96430508327
1793,140386.14056231413,140386.14056231413
1794,140202.94545783426,140202.94545783426
1795,138834.56410157197,138834.56410157197
1796,121465.07920022399,121465.07920022399
1797,121290.48174737934,121290.48174737934
1798,120503.85017936864,120503.85017936864
1799,105908.22660131616,105908.22660131616
1800,123365.00331292418,123365.00331292418
1801,127434.72996214098,127434.72996214098
1802,149258.5111511915,149258.5111511915
1803,150543.94657818414,150543.94657818414
1804,141168.49392899303,141168.49392899303
1805,133850.70725861719,133850.70725861719
1806,117311.33040088603,117311.33040088603
1807,139763.6049632274,139763.6049632274
1808,124616.15582230852,124616.15582230852
1809,123674.13040713816,123674.13040713816
1810,147309.6435520216,147309.6435520216
1811,112532.03259522779,112532.03259522779
1812,113648.06894736453,113648.06894736453
1813,123809.88237783113,123809.88237783113
1814,96050.21413741898,96050.21413741898
1815,62407.98924886706,62407.98924886706
1816,95789.75696604757,95789.75696604757
1817,114620.42858781434,114620.42858781434
1818,135706.33840174257,135706.33840174257
1819,115102.5858322649,115102.5858322649
1820,74268.62621144667,74268.62621144667
1821,115228.44969824217,115228.44969824217
1822,149982.13482917674,149982.13482917674
1823,66323.24179264557,66323.24179264557
1824,132999.1168258309,132999.1168258309
1825,134286.40945775973,134286.40945775973
1826,99546.71384608166,99546.71384608166
1827,109053.64909329519,109053.64909329519
1828,134657.88414199534,134657.88414199534
1829,111015.21498179539,111015.21498179539
1830,142087.28307395836,142087.28307395836
1831,160563.69153345446,160563.69153345446
1832,113880.51523529128,113880.51523529128
1833,140575.66185571402,140575.66185571402
1834,123197.94931409603,123197.94931409603
1835,148376.07606205076,148376.07606205076
1836,125598.15162448846,125598.15162448846
1837,94783.72338816283,94783.72338816283
1838,127800.52622267559,127800.52622267559
1839,84477.31269001876,84477.31269001876
1840,160150.101089391,160150.101089391
1841,141219.02422459703,141219.02422459703
1842,91449.9894454744,91449.9894454744
1843,142343.97310025463,142343.97310025463
1844,132101.3661281583,132101.3661281583
1845,144084.59004805685,144084.59004805685
1846,153734.66366310645,153734.66366310645
1847,150436.6983739122,150436.6983739122
1848,61101.46981487014,61101.46981487014
1849,113941.93444479232,113941.93444479232
1850,125350.08348722152,125350.08348722152
1851,151706.92896962736,151706.92896962736
1852,127161.04618980859,127161.04618980859
1853,131718.184349605,131718.184349605
1854,161437.50862729774,161437.50862729774
1855,150620.227786565,150620.227786565
1856,216310.558036045,216310.558036045
1857,168338.7105840449,168338.7105840449
1858,141344.70208788404,141344.70208788404
1859,120816.86250012252,120816.86250012252
1860,149495.55887368892,149495.55887368892
1861,120508.1067368671,120508.1067368671
1862,282854.91733574914,282854.91733574914
1863,276732.68811722926,276732.68811722926
1864,277004.1671809764,277004.1671809764
1865,315882.2769596923,315882.2769596923
1866,328662.3348505496,328662.3348505496
1867,243204.15188297958,243204.15188297958
1868,300643.35813196894,300643.35813196894
1869,199025.7004114871,199025.7004114871
1870,234828.57393664127,234828.57393664127
1871,239122.33000128798,239122.33000128798
1872,171560.09616904578,171560.09616904578
1873,220217.03717365614,220217.03717365614
1874,137806.6909385296,137806.6909385296
1875,208013.85436317525,208013.85436317525
1876,200556.0760193064,200556.0760193064
1877,211363.74796717113,211363.74796717113
1878,213071.7735313829,213071.7735313829
1879,129380.34176946382,129380.34176946382
1880,136249.98317879223,136249.98317879223
1881,246339.56885157892,246339.56885157892
1882,251871.69790073807,251871.69790073807
1883,200973.81646634982,200973.81646634982
1884,218563.95946795598,218563.95946795598
1885,254618.00068250534,254618.00068250534
1886,287646.7805851397,287646.7805851397
1887,201393.7750539931,201393.7750539931
1888,284329.17332525837,284329.17332525837
1889,166103.0292511097,166103.0292511097
1890,132011.15322088156,132011.15322088156
1891,144411.05730002286,144411.05730002286
1892,112504.0578415473,112504.0578415473
1893,129211.95521080057,129211.95521080057
1894,130998.2769913598,130998.2769913598
1895,149608.90642123763,149608.90642123763
1896,126017.915662086,126017.915662086
1897,123384.33682876707,123384.33682876707
1898,103880.42575134791,103880.42575134791
1899,132043.51101657015,132043.51101657015
1900,121948.7310351784,121948.7310351784
1901,158065.2431435346,158065.2431435346
1902,134050.2418119203,134050.2418119203
1903,197370.85558750754,197370.85558750754
1904,133095.5643322432,133095.5643322432
1905,179511.90897730467,179511.90897730467
1906,153174.25318249178,153174.25318249178
1907,194905.87281886605,194905.87281886605
1908,115459.75103600284,115459.75103600284
1909,128261.70717687592,128261.70717687592
1910,121945.8891379322,121945.8891379322
1911,196050.9226408398,196050.9226408398
1912,261578.73137552475,261578.73137552475
1913,153447.44472089983,153447.44472089983
1914,76510.34198574965,76510.34198574965
1915,303504.5492499348,303504.5492499348
1916,75355.8725564397,75355.8725564397
1917,253484.45119761303,253484.45119761303
1918,136086.865288472,136086.865288472
1919,161818.83880128036,161818.83880128036
1920,179605.0207648365,179605.0207648365
1921,405703.87912424747,405703.87912424747
1922,306292.7559680827,306292.7559680827
1923,196208.30544660287,196208.30544660287
1924,219938.33702200578,219938.33702200578
1925,225042.8279234144,225042.8279234144
1926,381920.1558411653,381920.1558411653
1927,135506.8085250639,135506.8085250639
1928,154972.00976809076,154972.00976809076
1929,125294.22729987594,125294.22729987594
1930,130451.49934807923,130451.49934807923
1931,141767.88390897404,141767.88390897404
1932,144010.8989664569,144010.8989664569
1933,166112.08170695847,166112.08170695847
1934,181640.30282385243,181640.30282385243
1935,177294.81229770725,177294.81229770725
1936,188112.72541405878,188112.72541405878
1937,182212.0856561294,182212.0856561294
1938,172997.0816654794,172997.0816654794
1939,242088.76414168612,242088.76414168612
1940,187340.07345027936,187340.07345027936
1941,177135.2148639639,177135.2148639639
1942,189679.0407380202,189679.0407380202
1943,188758.82554975012,188758.82554975012
1944,308209.12683209736,308209.12683209736
1945,348163.49203503237,348163.49203503237
1946,155287.62610418405,155287.62610418405
1947,300268.69413605484,300268.69413605484
1948,167231.7102072645,167231.7102072645
1949,238972.87258341943,238972.87258341943
1950,171418.36688268263,171418.36688268263
1951,243141.74816055165,243141.74816055165
1952,211453.55934780347,211453.55934780347
1953,164588.74756037202,164588.74756037202
1954,198261.46730078149,198261.46730078149
1955,135002.83755143176,135002.83755143176
1956,260604.18753577818,260604.18753577818
1957,169355.73086439216,169355.73086439216
1958,319265.5217921069,319265.5217921069
1959,141561.92614639777,141561.92614639777
1960,115839.0155915401,115839.0155915401
1961,119430.08118104372,119430.08118104372
1962,93152.32118296743,93152.32118296743
1963,99855.2332774875,99855.2332774875
1964,112113.17480317497,112113.17480317497
1965,142554.18715437135,142554.18715437135
1966,140819.56574594884,140819.56574594884
1967,280845.5396020198,280845.5396020198
1968,401214.0402094988,401214.0402094988
1969,379991.4111924829,379991.4111924829
1970,423478.3734623159,423478.3734623159
1971,400233.29489387467,400233.29489387467
1972,348498.23920891684,348498.23920891684
1973,260831.70823542055,260831.70823542055
1974,306207.3927740916,306207.3927740916
1975,397179.61149675475,397179.61149675475
1976,278782.1966268324,278782.1966268324
1977,364303.5416924047,364303.5416924047
1978,352585.64474638423,352585.64474638423
1979,306803.59800286934,306803.59800286934
1980,196122.51008372483,196122.51008372483
1981,326520.41382711957,326520.41382711957
1982,219737.27253564855,219737.27253564855
1983,206740.52235244913,206740.52235244913
1984,167605.33910059382,167605.33910059382
1985,212595.44899319136,212595.44899319136
1986,217902.15253630021,217902.15253630021
1987,178752.88053933156,178752.88053933156
1988,178995.21610769685,178995.21610769685
1989,191272.9384548127,191272.9384548127
1990,221837.7406278301,221837.7406278301
1991,221294.70765128543,221294.70765128543
1992,215532.25832973968,215532.25832973968
1993,173970.29795524167,173970.29795524167
1994,240525.76013732483,240525.76013732483
1995,186146.05697822582,186146.05697822582
1996,254368.11182164476,254368.11182164476
1997,302232.7389725876,302232.7389725876
1998,343152.4331249252,343152.4331249252
1999,248726.88916809222,248726.88916809222
2000,299377.28673442337,299377.28673442337
2001,270178.7302603473,270178.7302603473
2002,240626.73908106197,240626.73908106197
2003,255940.23289085712,255940.23289085712
2004,267538.4674986202,267538.4674986202
2005,221529.18054464625,221529.18054464625
2006,220619.39210177684,220619.39210177684
2007,253260.23786085047,253260.23786085047
2008,202356.88285952812,202356.88285952812
2009,196693.83732357845,196693.83732357845
2010,191833.93214230778,191833.93214230778
2011,131405.95122151563,131405.95122151563
2012,176194.5032401976,176194.5032401976
2013,182526.51606996587,182526.51606996587
2014,186760.29607213484,186760.29607213484
2015,193665.08388360476,193665.08388360476
2016,198438.2334599059,198438.2334599059
2017,203215.20001407922,203215.20001407922
2018,123176.54517911983,123176.54517911983
2019,131021.17392728322,131021.17392728322
2020,123420.32449237845,123420.32449237845
2021,113945.78128762718,113945.78128762718
2022,177156.3978074513,177156.3978074513
2023,151034.8490831052,151034.8490831052
2024,228666.20007536976,228666.20007536976
2025,330496.59990782227,330496.59990782227
2026,179759.49974368737,179759.49974368737
2027,152193.23219037353,152193.23219037353
2028,155441.64825694903,155441.64825694903
2029,168335.53878749814,168335.53878749814
2030,266666.8757273809,266666.8757273809
2031,215033.5189408535,215033.5189408535
2032,236569.24587678118,236569.24587678118
2033,258485.17013459417,258485.17013459417
2034,164046.91592688276,164046.91592688276
2035,212487.13253629953,212487.13253629953
2036,182410.51846257213,182410.51846257213
2037,185869.9993009215,185869.9993009215
2038,257743.64486147303,257743.64486147303
2039,194702.95768571555,194702.95768571555
2040,303029.0081551421,303029.0081551421
2041,245831.83687211832,245831.83687211832
2042,203885.40427175225,203885.40427175225
2043,159493.01857966866,159493.01857966866
2044,170136.4472670193,170136.4472670193
2045,206651.35606337336,206651.35606337336
2046,136523.42009977112,136523.42009977112
2047,152540.50323424768,152540.50323424768
2048,133337.32690332804,133337.32690332804
2049,137693.94712432343,137693.94712432343
2050,172073.0776436211,172073.0776436211
2051,104311.02946823963,104311.02946823963
2052,134920.57803146544,134920.57803146544
2053,143326.2365405419,143326.2365405419
2054,78633.14198671542,78633.14198671542
2055,152488.98983856826,152488.98983856826
2056,132328.11698165006,132328.11698165006
2057,122785.1301040312,122785.1301040312
2058,216772.10731004772,216772.10731004772
2059,134573.44065494442,134573.44065494442
2060,157207.5850967183,157207.5850967183
2061,174799.24164256256,174799.24164256256
2062,135532.9852225554,135532.9852225554
2063,108257.33755633078,108257.33755633078
2064,138082.83519948123,138082.83519948123
2065,124010.80745322832,124010.80745322832
2066,174326.17307562308,174326.17307562308
2067,127103.66271801961,127103.66271801961
2068,138411.7443070013,138411.7443070013
2069,88425.94123555353,88425.94123555353
2070,109432.58975543798,109432.58975543798
2071,93021.13798888851,93021.13798888851
2072,134168.03772511482,134168.03772511482
2073,138644.2527548016,138644.2527548016
2074,174323.9461521815,174323.9461521815
2075,145440.84511351836,145440.84511351836
2076,119664.51109794465,119664.51109794465
2077,147338.54810448532,147338.54810448532
2078,129360.98047533874,129360.98047533874
2079,132072.8464396981,132072.8464396981
2080,116622.69260069806,116622.69260069806
2081,121744.80622539514,121744.80622539514
2082,132148.3432579677,132148.3432579677
2083,137742.63378080196,137742.63378080196
2084,109247.0623578055,109247.0623578055
2085,128364.50108171301,128364.50108171301
2086,131365.62365131956,131365.62365131956
2087,123716.5239228915,123716.5239228915
2088,113589.6552176008,113589.6552176008
2089,81034.01195811955,81034.01195811955
2090,131204.9361927704,131204.9361927704
2091,125085.14424507109,125085.14424507109
2092,130854.68548076619,130854.68548076619
2093,142318.3353154475,142318.3353154475
2094,116592.45454086909,116592.45454086909
2095,146220.53344147725,146220.53344147725
2096,91206.9332338476,91206.9332338476
2097,94020.35451257938,94020.35451257938
2098,146902.14011692957,146902.14011692957
2099,59814.23545824785,59814.23545824785
2100,111095.92542422927,111095.92542422927
2101,132034.50946159515,132034.50946159515
2102,133106.5429620056,133106.5429620056
2103,103955.89820031803,103955.89820031803
2104,130537.76870731816,130537.76870731816
2105,124796.5485187125,124796.5485187125
2106,80234.72333373873,80234.72333373873
2107,228177.26115161285,228177.26115161285
2108,121625.69847993375,121625.69847993375
2109,117300.04155270556,117300.04155270556
2110,126577.39760298346,126577.39760298346
2111,148504.9140744686,148504.9140744686
2112,137062.52414228074,137062.52414228074
2113,119326.25914016519,119326.25914016519
2114,107278.43637209214,107278.43637209214
2115,148444.86181045967,148444.86181045967
2116,113940.52029231963,113940.52029231963
2117,150084.20859308078,150084.20859308078
2118,120210.51322159436,120210.51322159436
2119,105196.02876744833,105196.02876744833
2120,110274.37451339455,110274.37451339455
2121,111766.65776035226,111766.65776035226
2122,90421.9596884343,90421.9596884343
2123,96467.0137237854,96467.0137237854
2124,170766.40287328494,170766.40287328494
2125,134115.90843421902,134115.90843421902
2126,148112.95829357445,148112.95829357445
2127,153972.76020743823,153972.76020743823
2128,126005.60906438502,126005.60906438502
2129,97568.13643814484,97568.13643814484
2130,144164.2086166197,144164.2086166197
2131,159029.94190575412,159029.94190575412
2132,120158.90429572106,120158.90429572106
2133,118181.00958677799,118181.00958677799
2134,122556.55302680685,122556.55302680685
2135,102904.47445434553,102904.47445434553
2136,87468.58008490925,87468.58008490925
2137,122735.92750712247,122735.92750712247
2138,140028.62489309564,140028.62489309564
2139,151960.02123794996,151960.02123794996
2140,136563.83112409536,136563.83112409536
2141,136563.76163792546,136563.76163792546
2142,132218.06468265675,132218.06468265675
2143,138424.34642484694,138424.34642484694
2144,117512.92214697514,117512.92214697514
2145,133971.96837417356,133971.96837417356
2146,155467.84266081976,155467.84266081976
2147,157139.50935170616,157139.50935170616
2148,125042.36074283556,125042.36074283556
2149,132417.62692768138,132417.62692768138
2150,204723.05611537944,204723.05611537944
2151,108749.03911649207,108749.03911649207
2152,169307.22968760022,169307.22968760022
2153,156766.77042021445,156766.77042021445
2154,117807.77806369799,117807.77806369799
2155,123131.23769064202,123131.23769064202
2156,240265.16976845724,240265.16976845724
2157,235042.0977107869,235042.0977107869
2158,229959.9343230347,229959.9343230347
2159,199758.06800752121,199758.06800752121
2160,169939.73595434532,169939.73595434532
2161,254604.87725215263,254604.87725215263
2162,408786.6604522065,408786.6604522065
2163,343425.12045566144,343425.12045566144
2164,254058.4052103231,254058.4052103231
2165,171938.24711727168,171938.24711727168
2166,144650.7302473104,144650.7302473104
2167,207476.17319889893,207476.17319889893
2168,205518.62122297895,205518.62122297895
2169,194281.42320265167,194281.42320265167
2170,218978.56429604074,218978.56429604074
2171,146096.27958873627,146096.27958873627
2172,141833.15572813753,141833.15572813753
2173,153899.52504207692,153899.52504207692
2174,234429.6221769647,234429.6221769647
2175,303188.3289878531,303188.3289878531
2176,323348.5667663371,323348.5667663371
2177,251365.7977975428,251365.7977975428
2178,214817.58171433042,214817.58171433042
2179,144322.1972625105,144322.1972625105
2180,225940.1583175125,225940.1583175125
2181,190875.42963552894,190875.42963552894
2182,228054.6872335303,228054.6872335303
2183,197445.51183279385,197445.51183279385
2184,140592.8167307347,140592.8167307347
2185,130819.03205886889,130819.03205886889
2186,147816.92008600675,147816.92008600675
2187,145500.89553905817,145500.89553905817
2188,150428.24677168464,150428.24677168464
2189,198960.66004903876,198960.66004903876
2190,88240.70936196343,88240.70936196343
2191,91433.5678296834,91433.5678296834
2192,101214.25412765818,101214.25412765818
2193,96285.96593529284,96285.96593529284
2194,101875.1248462386,101875.1248462386
2195,113528.54846080703,113528.54846080703
2196,107753.61961262298,107753.61961262298
2197,113771.56690456456,113771.56690456456
2198,147955.10784324605,147955.10784324605
2199,163376.13925252442,163376.13925252442
2200,122014.74118765771,122014.74118765771
2201,128516.51397366937,128516.51397366937
2202,169128.43451759338,169128.43451759338
2203,149444.90259413782,149444.90259413782
2204,164701.19201583602,164701.19201583602
2205,109499.67924834446,109499.67924834446
2206,132350.40649147198,132350.40649147198
2207,189751.018687979,189751.018687979
2208,225811.34915996031,225811.34915996031
2209,191927.9685301642,191927.9685301642
2210,117765.47066736617,117765.47066736617
2211,114080.4242735252,114080.4242735252
2212,112136.07176772127,112136.07176772127
2213,104677.7408793316,104677.7408793316
2214,140435.37819474193,140435.37819474193
2215,101962.79419698074,101962.79419698074
2216,147877.69888288993,147877.69888288993
2217,83141.76974141673,83141.76974141673
2218,93614.12089113315,93614.12089113315
2219,82273.45677569423,82273.45677569423
2220,70594.3808447191,70594.3808447191
2221,306082.38376169914,306082.38376169914
2222,241769.5492427062,241769.5492427062
2223,278853.41563358624,278853.41563358624
2224,230239.85116758023,230239.85116758023
2225,136637.21057997027,136637.21057997027
2226,204321.0157181761,204321.0157181761
2227,197426.9143024298,197426.9143024298
2228,268579.93686503475,268579.93686503475
2229,234998.3692183983,234998.3692183983
2230,162995.12607528592,162995.12607528592
2231,212746.11596697324,212746.11596697324
2232,192273.7329156391,192273.7329156391
2233,177706.97424882487,177706.97424882487
2234,236415.74780505468,236415.74780505468
2235,209850.61105675736,209850.61105675736
2236,272062.21003784874,272062.21003784874
2237,360151.9553258827,360151.9553258827
2238,208136.94216933195,208136.94216933195
2239,117779.10912175576,117779.10912175576
2240,161242.19995016558,161242.19995016558
2241,144552.69517931077,144552.69517931077
2242,136573.22855822428,136573.22855822428
2243,127461.33595645259,127461.33595645259
2244,93991.03229316,93991.03229316
2245,92148.82198898017,92148.82198898017
2246,140680.43126136516,140680.43126136516
2247,103377.05076902258,103377.05076902258
2248,124926.30014883658,124926.30014883658
2249,126594.8852919186,126594.8852919186
2250,135230.1436540788,135230.1436540788
2251,118510.73050229797,118510.73050229797
2252,183147.5494724876,183147.5494724876
2253,161448.86369953875,161448.86369953875
2254,177233.77566645687,177233.77566645687
2255,193408.43817125473,193408.43817125473
2256,181123.02427246582,181123.02427246582
2257,206442.2402179316,206442.2402179316
2258,172168.00111932418,172168.00111932418
2259,179107.55065245053,179107.55065245053
2260,155924.93939459953,155924.93939459953
2261,177403.26034748845,177403.26034748845
2262,196438.95845274098,196438.95845274098
2263,325707.870900412,325707.870900412
2264,406428.4128700207,406428.4128700207
2265,165458.92019308743,165458.92019308743
2266,259824.02896759048,259824.02896759048
2267,340719.99338929146,340719.99338929146
2268,363251.56898235844,363251.56898235844
2269,162913.55800160914,162913.55800160914
2270,179933.11549618095,179933.11549618095
2271,225305.65579154418,225305.65579154418
2272,194920.61520385268,194920.61520385268
2273,166929.638585286,166929.638585286
2274,172424.58175531862,172424.58175531862
2275,163174.88167507984,163174.88167507984
2276,165848.56419493834,165848.56419493834
2277,183549.44835237123,183549.44835237123
2278,154614.68817201562,154614.68817201562
2279,120629.89589897254,120629.89589897254
2280,117391.14047519202,117391.14047519202
2281,179450.6905452874,179450.6905452874
2282,180203.26206759343,180203.26206759343
2283,95244.1589368782,95244.1589368782
2284,106686.81540803786,106686.81540803786
2285,137543.22657041595,137543.22657041595
2286,128054.15158552835,128054.15158552835
2287,329529.1209223304,329529.1209223304
2288,267873.7696149875,267873.7696149875
2289,379017.30571194727,379017.30571194727
2290,408349.3679103437,408349.3679103437
2291,312147.2104058195,312147.2104058195
2292,405619.55332337244,405619.55332337244
2293,434949.424574301,434949.424574301
2294,383313.3280311507,383313.3280311507
2295,429888.31120273325,429888.31120273325
2296,273311.5178754476,273311.5178754476
2297,286060.47923415166,286060.47923415166
2298,290456.81376844144,290456.81376844144
2299,367928.4671214548,367928.4671214548
2300,318941.7224321059,318941.7224321059
2301,256538.44065463162,256538.44065463162
2302,243799.67292415816,243799.67292415816
2303,248866.2913232404,248866.2913232404
2304,242253.57401126804,242253.57401126804
2305,182567.01836768072,182567.01836768072
2306,183361.9548966565,183361.9548966565
2307,189635.03470455616,189635.03470455616
2308,221788.7356889947,221788.7356889947
2309,264446.30927557865,264446.30927557865
2310,207031.79865814498,207031.79865814498
2311,196560.47600265755,196560.47600265755
2312,178394.3401904991,178394.3401904991
2313,175860.89317314385,175860.89317314385
2314,175697.143941301,175697.143941301
2315,173470.2320951513,173470.2320951513
2316,192540.72140693144,192540.72140693144
2317,182325.90627991644,182325.90627991644
2318,174807.64060447758,174807.64060447758
2319,176281.14363932412,176281.14363932412
2320,181512.4339579084,181512.4339579084
2321,244810.7269372722,244810.7269372722
2322,169669.50298006457,169669.50298006457
2323,171873.46975700874,171873.46975700874
2324,171048.63045244248,171048.63045244248
2325,212482.12755576827,212482.12755576827
2326,169427.38103295083,169427.38103295083
2327,212186.24644439996,212186.24644439996
2328,221049.21831178176,221049.21831178176
2329,182909.73180742768,182909.73180742768
2330,178051.3042531773,178051.3042531773
2331,348873.57778183714,348873.57778183714
2332,363113.5056946395,363113.5056946395
2333,308984.1403825352,308984.1403825352
2334,258522.88468452502,258522.88468452502
2335,252761.7862138948,252761.7862138948
2336,323846.3746536241,323846.3746536241
2337,203814.3312181576,203814.3312181576
2338,276743.4721694601,276743.4721694601
2339,235955.30561429658,235955.30561429658
2340,380884.43925185513,380884.43925185513
2341,222651.66549925512,222651.66549925512
2342,241411.45199221384,241411.45199221384
2343,219051.11854627501,219051.11854627501
2344,236394.4664894812,236394.4664894812
2345,242851.36044893524,242851.36044893524
2346,206214.11903075207,206214.11903075207
2347,194885.79956827377,194885.79956827377
2348,227177.54228694856,227177.54228694856
2349,170891.8615264463,170891.8615264463
2350,265840.1054833935,265840.1054833935
2351,243265.3880968889,243265.3880968889
2352,252437.4965464075,252437.4965464075
2353,255272.38626780623,255272.38626780623
2354,120599.06866162886,120599.06866162886
2355,132943.27853715603,132943.27853715603
2356,152299.1253697572,152299.1253697572
2357,205333.41784515552,205333.41784515552
2358,201161.83574449626,201161.83574449626
2359,118234.15365036463,118234.15365036463
2360,120589.35749169391,120589.35749169391
2361,140145.05432552073,140145.05432552073
2362,261718.07475718626,261718.07475718626
2363,136592.8055628444,136592.8055628444
2364,150815.4566538138,150815.4566538138
2365,210465.62508254944,210465.62508254944
2366,179357.30638638543,179357.30638638543
2367,226394.49836154972,226394.49836154972
2368,202109.93269171956,202109.93269171956
2369,224560.2190964556,224560.2190964556
2370,168578.90127105318,168578.90127105318
2371,168374.17439503426,168374.17439503426
2372,190914.14349078847,190914.14349078847
2373,253935.59481856268,253935.59481856268
2374,282020.0456937622,282020.0456937622
2375,246026.63260903003,246026.63260903003
2376,249487.97259805733,249487.97259805733
2377,306562.6126330501,306562.6126330501
2378,142017.45757240258,142017.45757240258
2379,189807.96701199267,189807.96701199267
2380,144544.12880047952,144544.12880047952
2381,156697.0765669553,156697.0765669553
2382,188833.85826642075,188833.85826642075
2383,211910.47716293708,211910.47716293708
2384,239236.6648131218,239236.6648131218
2385,156219.39404601938,156219.39404601938
2386,139005.52979235386,139005.52979235386
2387,135111.20719996115,135111.20719996115
2388,105106.26576255196,105106.26576255196
2389,128914.66155168995,128914.66155168995
2390,142578.79883599616,142578.79883599616
2391,132664.36303158454,132664.36303158454
2392,112260.73760534162,112260.73760534162
2393,158274.46537220612,158274.46537220612
2394,142455.1857572084,142455.1857572084
2395,193294.6891462132,193294.6891462132
2396,145755.34850040954,145755.34850040954
2397,199663.45348736623,199663.45348736623
2398,123446.62661721627,123446.62661721627
2399,64944.04469190443,64944.04469190443
2400,60485.196820027384,60485.196820027384
2401,116413.0183095844,116413.0183095844
2402,133647.2533820397,133647.2533820397
2403,131062.85185815115,131062.85185815115
2404,151741.7818406388,151741.7818406388
2405,158229.56099978718,158229.56099978718
2406,135276.81334611523,135276.81334611523
2407,125715.03647766743,125715.03647766743
2408,135095.40192692107,135095.40192692107
2409,133612.14436553238,133612.14436553238
2410,168034.33811230876,168034.33811230876
2411,123581.88464641446,123581.88464641446
2412,149412.3160355227,149412.3160355227
2413,135125.21541466346,135125.21541466346
2414,135558.90579167815,135558.90579167815
2415,128902.39136548172,128902.39136548172
2416,120940.52227748219,120940.52227748219
2417,124733.17182927293,124733.17182927293
2418,125688.85240825896,125688.85240825896
2419,126606.48419014802,126606.48419014802
2420,126130.26564290964,126130.26564290964
2421,144886.6695091608,144886.6695091608
2422,112599.81851248675,112599.81851248675
2423,125448.85747011351,125448.85747011351
2424,155127.9446408518,155127.9446408518
2425,195468.66098561639,195468.66098561639
2426,131214.30549317857,131214.30549317857
2427,132371.21380669597,132371.21380669597
2428,164896.1173256138,164896.1173256138
2429,115452.28477131414,115452.28477131414
2430,131725.6322222121,131725.6322222121
2431,113637.55974905167,113637.55974905167
2432,133731.25599296566,133731.25599296566
2433,142703.9000373423,142703.9000373423
2434,144220.35199440972,144220.35199440972
2435,153360.4998925618,153360.4998925618
2436,106270.12789841308,106270.12789841308
2437,110387.22153577488,110387.22153577488
2438,123254.81349630214,123254.81349630214
2439,113375.13486999157,113375.13486999157
2440,120626.98385616088,120626.98385616088
2441,111081.73882046404,111081.73882046404
2442,106187.61403373505,106187.61403373505
2443,116296.33685101755,116296.33685101755
2444,126340.56359409812,126340.56359409812
2445,95481.98630152643,95481.98630152643
2446,128522.57693709595,128522.57693709595
2447,187812.59122822186,187812.59122822186
2448,152889.33179459392,152889.33179459392
2449,107375.12548326701,107375.12548326701
2450,151208.55967931842,151208.55967931842
2451,129344.85596141583,129344.85596141583
2452,221489.27304354162,221489.27304354162
2453,98034.31496442153,98034.31496442153
2454,124184.30917364066,124184.30917364066
2455,117132.52755323309,117132.52755323309
2456,130304.64877231704,130304.64877231704
2457,120219.99322725408,120219.99322725408
2458,109419.28805829513,109419.28805829513
2459,108461.22722130308,108461.22722130308
2460,134759.904798689,134759.904798689
2461,114573.85749195247,114573.85749195247
2462,130570.10590005758,130570.10590005758
2463,112752.66568345991,112752.66568345991
2464,169242.10462659132,169242.10462659132
2465,125861.17194468722,125861.17194468722
2466,112203.77535742843,112203.77535742843
2467,144758.13974194753,144758.13974194753
2468,93776.16390675458,93776.16390675458
2469,87439.1810862371,87439.1810862371
2470,185532.06192749788,185532.06192749788
2471,192814.21993692033,192814.21993692033
2472,169727.10269141436,169727.10269141436
2473,120144.78374989876,120144.78374989876
2474,104186.19803302742,104186.19803302742
2475,220344.8120190468,220344.8120190468
2476,114892.04240059237,114892.04240059237
2477,131101.81705967442,131101.81705967442
2478,163730.7912282576,163730.7912282576
2479,115170.22503971323,115170.22503971323
2480,142123.56553131182,142123.56553131182
2481,121869.89686665306,121869.89686665306
2482,132601.88510223918,132601.88510223918
2483,118510.9579174855,118510.9579174855
2484,123729.11657243328,123729.11657243328
2485,126347.46780815902,126347.46780815902
2486,153104.9962092759,153104.9962092759
2487,186267.15631415247,186267.15631415247
2488,136233.00741524695,136233.00741524695
2489,151319.65772274227,151319.65772274227
2490,151070.89241963325,151070.89241963325
2491,101800.86881430117,101800.86881430117
2492,183420.28101682325,183420.28101682325
2493,147376.0239494726,147376.0239494726
2494,163546.91770662856,163546.91770662856
2495,108706.34401656609,108706.34401656609
2496,225065.1634150703,225065.1634150703
2497,145488.6493137111,145488.6493137111
2498,115635.88331281724,115635.88331281724
2499,99339.48058417771,99339.48058417771
2500,128728.57852322432,128728.57852322432
2501,130221.14943772872,130221.14943772872
2502,144687.88695415342,144687.88695415342
2503,109759.11472300801,109759.11472300801
2504,193759.9823159935,193759.9823159935
2505,216142.27136976767,216142.27136976767
2506,258805.76359073698,258805.76359073698
2507,311261.5123248895,311261.5123248895
2508,258299.95445880512,258299.95445880512
2509,224583.29832081648,224583.29832081648
2510,231442.45648235068,231442.45648235068
2511,186094.00194921502,186094.00194921502
2512,218268.87260225197,218268.87260225197
2513,218150.06701040544,218150.06701040544
2514,214617.50202427345,214617.50202427345
2515,149742.50987900532,149742.50987900532
2516,167964.74822337393,167964.74822337393
2517,133633.52379990323,133633.52379990323
2518,140526.2501291299,140526.2501291299
2519,223429.17179006067,223429.17179006067
2520,207715.06416364718,207715.06416364718
2521,193876.94979606502,193876.94979606502
2522,219433.7749322284,219433.7749322284
2523,130830.89168420406,130830.89168420406
2524,136972.58637973754,136972.58637973754
2525,147776.78274147175,147776.78274147175
2526,136238.70623861998,136238.70623861998
2527,111223.4140333012,111223.4140333012
2528,128576.89527745622,128576.89527745622
2529,130263.95130713528,130263.95130713528
2530,113724.89076480242,113724.89076480242
2531,250252.12315931165,250252.12315931165
2532,230754.0094298333,230754.0094298333
2533,201271.95050812088,201271.95050812088
2534,239449.7578569379,239449.7578569379
2535,286581.497384569,286581.497384569
2536,227558.45625141708,227558.45625141708
2537,210012.2393413305,210012.2393413305
2538,183274.5565525186,183274.5565525186
2539,186008.08611966608,186008.08611966608
2540,179656.01620837118,179656.01620837118
2541,178631.68682557694,178631.68682557694
2542,165567.26294944924,165567.26294944924
2543,132273.93385866316,132273.93385866316
2544,126057.92636945314,126057.92636945314
2545,134665.3006510748,134665.3006510748
2546,139830.1404097934,139830.1404097934
2547,139222.24411347357,139222.24411347357
2548,143489.2730754827,143489.2730754827
2549,164610.984110889,164610.984110889
2550,290866.35934802523,290866.35934802523
2551,144124.34627223518,144124.34627223518
2552,121142.29408196981,121142.29408196981
2553,89818.33238505853,89818.33238505853
2554,116322.30138733669,116322.30138733669
2555,108183.98782178489,108183.98782178489
2556,104612.49457798296,104612.49457798296
2557,118782.711642786,118782.711642786
2558,152355.60753062734,152355.60753062734
2559,125199.17770664574,125199.17770664574
2560,124534.39644769799,124534.39644769799
2561,116011.8842141835,116011.8842141835
2562,127270.44276379936,127270.44276379936
2563,138379.8056288173,138379.8056288173
2564,168711.47973311806,168711.47973311806
2565,126559.81334911284,126559.81334911284
2566,138522.8644142776,138522.8644142776
2567,125381.60801253423,125381.60801253423
2568,181671.5534346537,181671.5534346537
2569,183230.54917015304,183230.54917015304
2570,117070.21369727417,117070.21369727417
2571,186625.8272487665,186625.8272487665
2572,161216.4808972072,161216.4808972072
2573,207095.33297341273,207095.33297341273
2574,252650.0060472819,252650.0060472819
2575,121578.57112462926,121578.57112462926
2576,130072.28349299228,130072.28349299228
2577,153801.1024431005,153801.1024431005
2578,95038.30466946939,95038.30466946939
2579,69073.05956636646,69073.05956636646
2580,137085.8500651339,137085.8500651339
2581,131518.8467234084,131518.8467234084
2582,117807.74789781886,117807.74789781886
2583,260789.38684040788,260789.38684040788
2584,160242.11083547794,160242.11083547794
2585,188597.01331383165,188597.01331383165
2586,208081.01783766053,208081.01783766053
2587,209288.0425507005,209288.0425507005
2588,138471.78123508397,138471.78123508397
2589,144418.49474656305,144418.49474656305
2590,215661.59557600727,215661.59557600727
2591,210973.53220141435,210973.53220141435
2592,222266.61606783766,222266.61606783766
2593,240803.55061469408,240803.55061469408
2594,172360.88075790147,172360.88075790147
2595,198487.89707420324,198487.89707420324
2596,340720.2225015692,340720.2225015692
2597,193248.7123763224,193248.7123763224
2598,263514.58700950735,263514.58700950735
2599,295246.8536039794,295246.8536039794
2600,140158.92433427516,140158.92433427516
2601,138392.86667694664,138392.86667694664
2602,85216.94024027335,85216.94024027335
2603,91420.89608801735,91420.89608801735
2604,85272.74720185857,85272.74720185857
2605,82867.06311240632,82867.06311240632
2606,147572.98887270686,147572.98887270686
2607,174753.68943493612,174753.68943493612
2608,196414.48819286464,196414.48819286464
2609,155440.88666030587,155440.88666030587
2610,113037.04878161069,113037.04878161069
2611,139961.75471378054,139961.75471378054
2612,151147.06113823762,151147.06113823762
2613,127019.93573073816,127019.93573073816
2614,124322.13296006901,124322.13296006901
2615,144097.66763813136,144097.66763813136
2616,138300.12126111722,138300.12126111722
2617,177566.55962592916,177566.55962592916
2618,175278.47131054485,175278.47131054485
2619,206741.569547596,206741.569547596
2620,185114.31609761974,185114.31609761974
2621,186013.14836306171,186013.14836306171
2622,193733.28869282486,193733.28869282486
2623,242395.35022721245,242395.35022721245
2624,287846.9494999016,287846.9494999016
2625,292530.50467248814,292530.50467248814
2626,168994.42354396064,168994.42354396064
2627,172821.63264858956,172821.63264858956
2628,385315.202828185,385315.202828185
2629,426739.32232378825,426739.32232378825
2630,316536.8353994424,316536.8353994424
2631,443791.6949521542,443791.6949521542
2632,371567.9764062688,371567.9764062688
2633,296570.41956418,296570.41956418
2634,375591.9267427794,375591.9267427794
2635,150274.3511958314,150274.3511958314
2636,187494.1234620821,187494.1234620821
2637,160554.50718692192,160554.50718692192
2638,249741.1881179184,249741.1881179184
2639,178378.5214413391,178378.5214413391
2640,153279.4040232741,153279.4040232741
2641,107035.90398410647,107035.90398410647
2642,193721.05444706054,193721.05444706054
2643,106854.12750823474,106854.12750823474
2644,131033.29787738141,131033.29787738141
2645,97467.23707646165,97467.23707646165
2646,91099.01266662897,91099.01266662897
2647,99010.56653790778,99010.56653790778
2648,137834.25462486912,137834.25462486912
2649,139099.5372364849,139099.5372364849
2650,134759.45801827824,134759.45801827824
2651,146253.18222167838,146253.18222167838
2652,427279.30285152304,427279.30285152304
2653,246330.13328470173,246330.13328470173
2654,257626.3355025043,257626.3355025043
2655,364907.00307745195,364907.00307745195
2656,308403.47315601376,308403.47315601376
2657,298969.9697860963,298969.9697860963
2658,265434.7743044269,265434.7743044269
2659,293347.40676474397,293347.40676474397
2660,310453.7176587044,310453.7176587044
2661,337788.5247704632,337788.5247704632
2662,343564.64578570274,343564.64578570274
2663,284309.7363142078,284309.7363142078
2664,259322.9696005434,259322.9696005434
2665,302067.31829280226,302067.31829280226
2666,269412.68554548116,269412.68554548116
2667,169728.44121872954,169728.44121872954
2668,177081.112873963,177081.112873963
2669,177100.7556401833,177100.7556401833
2670,283173.22043881984,283173.22043881984
2671,178447.1151716346,178447.1151716346
2672,184193.48148143356,184193.48148143356
2673,208456.92180031916,208456.92180031916
2674,212098.57885723485,212098.57885723485
2675,163001.8593770875,163001.8593770875
2676,184499.8979045464,184499.8979045464
2677,203019.34748698823,203019.34748698823
2678,258119.95437959614,258119.95437959614
2679,278878.0022019305,278878.0022019305
2680,278406.130208178,278406.130208178
2681,372270.15442496206,372270.15442496206
2682,322810.65510820993,322810.65510820993
2683,476109.7267845803,476109.7267845803
2684,302767.80560600193,302767.80560600193
2685,328341.8244825482,328341.8244825482
2686,257325.5775528367,257325.5775528367
2687,308360.5968303413,308360.5968303413
2688,225755.39815029578,225755.39815029578
2689,200688.04685786495,200688.04685786495
2690,446987.8499190818,446987.8499190818
2691,192241.67055742524,192241.67055742524
2692,121674.76749517195,121674.76749517195
2693,192675.62075393042,192675.62075393042
2694,121649.30789369733,121649.30789369733
2695,192425.0312665737,192425.0312665737
2696,185477.2513020156,185477.2513020156
2697,202985.23176495192,202985.23176495192
2698,201380.42713368818,201380.42713368818
2699,177936.1233360701,177936.1233360701
2700,165170.39052144068,165170.39052144068
2701,162038.5115534743,162038.5115534743
2702,116347.38807092211,116347.38807092211
2703,131685.98178293646,131685.98178293646
2704,145485.1578688705,145485.1578688705
2705,127415.87600083224,127415.87600083224
2706,118991.6338178635,118991.6338178635
2707,123743.61282150132,123743.61282150132
2708,133270.3598347494,133270.3598347494
2709,115603.69998238445,115603.69998238445
2710,126665.86574971053,126665.86574971053
2711,247938.14057390494,247938.14057390494
2712,344223.0938666238,344223.0938666238
2713,163582.7604976392,163582.7604976392
2714,149907.39168917824,149907.39168917824
2715,171176.27082523445,171176.27082523445
2716,151063.36168824224,151063.36168824224
2717,178956.23508001372,178956.23508001372
2718,234296.7434200292,234296.7434200292
2719,151598.16473693753,151598.16473693753
2720,160626.91585674512,160626.91585674512
2721,141439.3520003563,141439.3520003563
2722,157537.88581208655,157537.88581208655
2723,147074.4868168692,147074.4868168692
2724,129273.28822135949,129273.28822135949
2725,134795.05515825588,134795.05515825588
2726,144740.71634128434,144740.71634128434
2727,164026.00468702172,164026.00468702172
2728,166210.3417146631,166210.3417146631
2729,152526.97971045494,152526.97971045494
2730,144381.1781963174,144381.1781963174
2731,115218.40211845018,115218.40211845018
2732,117683.21306165632,117683.21306165632
2733,162980.5882678524,162980.5882678524
2734,143046.62049791837,143046.62049791837
2735,129048.13976409458,129048.13976409458
2736,146847.24750165042,146847.24750165042
2737,123483.22630230017,123483.22630230017
2738,132878.8034671084,132878.8034671084
2739,158766.16657613183,158766.16657613183
2740,130764.8016260016,130764.8016260016
2741,145048.57672627832,145048.57672627832
2742,150339.17359702184,150339.17359702184
2743,148088.00211991117,148088.00211991117
2744,145049.43163035883,145049.43163035883
2745,138791.22870284,138791.22870284
2746,130683.56245291742,130683.56245291742
2747,151325.4646678506,151325.4646678506
2748,126427.74687649174,126427.74687649174
2749,129028.40395005562,129028.40395005562
2750,131451.77952294744,131451.77952294744
2751,131026.53099124433,131026.53099124433
2752,213874.84521315416,213874.84521315416
2753,151252.72731557686,151252.72731557686
2754,210774.29769373473,210774.29769373473
2755,123768.41209384901,123768.41209384901
2756,88339.55486097083,88339.55486097083
2757,79618.52925123158,79618.52925123158
2758,77022.24172392212,77022.24172392212
2759,150132.23353317817,150132.23353317817
2760,137831.44431273843,137831.44431273843
2761,146854.35033446597,146854.35033446597
2762,144860.72095508088,144860.72095508088
2763,193067.64191666915,193067.64191666915
2764,158148.07069527556,158148.07069527556
2765,263987.15412268625,263987.15412268625
2766,132872.3902215837,132872.3902215837
2767,92218.82556622186,92218.82556622186
2768,129337.46771865322,129337.46771865322
2769,127815.2225713812,127815.2225713812
2770,148063.74816778436,148063.74816778436
2771,121438.78421384527,121438.78421384527
2772,119653.64637842326,119653.64637842326
2773,150217.46073599815,150217.46073599815
2774,136431.23111033093,136431.23111033093
2775,133224.97529251003,133224.97529251003
2776,136632.5641894298,136632.5641894298
2777,143499.2173036043,143499.2173036043
2778,111208.37042710742,111208.37042710742
2779,125490.44550450693,125490.44550450693
2780,112845.59189886248,112845.59189886248
2781,103210.2994146449,103210.2994146449
2782,95376.07751150694,95376.07751150694
2783,92838.75514467496,92838.75514467496
2784,125334.04396950747,125334.04396950747
2785,139908.00207020174,139908.00207020174
2786,62684.34588608834,62684.34588608834
2787,119472.73629086337,119472.73629086337
2788,82136.56154292684,82136.56154292684
2789,186763.17153877174,186763.17153877174
2790,94230.64774063925,94230.64774063925
2791,119005.86453161763,119005.86453161763
2792,78772.45402093191,78772.45402093191
2793,163697.16135052804,163697.16135052804
2794,100955.09894002823,100955.09894002823
2795,117215.04958618514,117215.04958618514
2796,100401.93755142826,100401.93755142826
2797,193932.91775855242,193932.91775855242
2798,115142.19685672989,115142.19685672989
2799,121113.82117669095,121113.82117669095
2800,81455.05918115308,81455.05918115308
2801,112836.95478025732,112836.95478025732
2802,133758.7506955192,133758.7506955192
2803,152466.0220850916,152466.0220850916
2804,144186.33376743286,144186.33376743286
2805,105325.78567855956,105325.78567855956
2806,84522.601122766,84522.601122766
2807,150486.79906845983,150486.79906845983
2808,148426.9127935351,148426.9127935351
2809,129956.13874267638,129956.13874267638
2810,137016.59506653034,137016.59506653034
2811,162681.32470828376,162681.32470828376
2812,145153.20573039434,145153.20573039434
2813,146755.20576823392,146755.20576823392
2814,152746.04937960685,152746.04937960685
2815,108436.24779941127,108436.24779941127
2816,231240.67398881188,231240.67398881188
2817,135857.43729192973,135857.43729192973
2818,129857.77714907684,129857.77714907684
2819,151904.60407384514,151904.60407384514
2820,139279.02368199927,139279.02368199927
2821,114767.9860211715,114767.9860211715
2822,191827.88805354413,191827.88805354413
2823,247568.58106942172,247568.58106942172
2824,175315.0699890167,175315.0699890167
2825,154574.65396490428,154574.65396490428
2826,128461.40242128544,128461.40242128544
2827,141723.2073893469,141723.2073893469
2828,224541.58979616722,224541.58979616722
2829,186861.57537787172,186861.57537787172
2830,234356.04470895516,234356.04470895516
2831,188925.93823156878,188925.93823156878
2832,234060.07121263997,234060.07121263997
2833,271822.7549326455,271822.7549326455
2834,215861.85956002344,215861.85956002344
2835,218647.29857065328,218647.29857065328
2836,194746.98350673146,194746.98350673146
2837,160047.73358292543,160047.73358292543
2838,144904.88907615596,144904.88907615596
2839,180337.74335766208,180337.74335766208
2840,196296.6877835596,196296.6877835596
2841,203029.24515850624,203029.24515850624
2842,220786.20444816176,220786.20444816176
2843,141051.44770794714,141051.44770794714
2844,156782.30790833343,156782.30790833343
2845,124340.7773454674,124340.7773454674
2846,212569.9765862683,212569.9765862683
2847,198876.728720644,198876.728720644
2848,205762.10167345658,205762.10167345658
2849,211140.3200962566,211140.3200962566
2850,280845.60208233603,280845.60208233603
2851,233308.6142227342,233308.6142227342
2852,239218.30553062024,239218.30553062024
2853,234385.37719148045,234385.37719148045
2854,140368.51560196353,140368.51560196353
2855,199771.95773173036,199771.95773173036
2856,211622.9256108794,211622.9256108794
2857,187872.10679643496,187872.10679643496
2858,198663.27252757887,198663.27252757887
2859,129223.48724329386,129223.48724329386
2860,125674.50113067782,125674.50113067782
2861,134167.96198932192,134167.96198932192
2862,199590.29009989894,199590.29009989894
2863,120697.39166892666,120697.39166892666
2864,255332.83919736376,255332.83919736376
2865,143961.94640552485,143961.94640552485
2866,136077.88730591658,136077.88730591658
2867,87774.85302029933,87774.85302029933
2868,115891.02874170424,115891.02874170424
2869,126002.31954116469,126002.31954116469
2870,150077.3524352516,150077.3524352516
2871,102809.31166045906,102809.31166045906
2872,57285.42738116979,57285.42738116979
2873,109748.33231013497,109748.33231013497
2874,136224.48557813623,136224.48557813623
2875,122516.65642633534,122516.65642633534
2876,150603.59876380095,150603.59876380095
2877,135260.52827387332,135260.52827387332
2878,156823.93970718986,156823.93970718986
2879,139215.86578261826,139215.86578261826
2880,109233.18844113212,109233.18844113212
2881,143961.7612905723,143961.7612905723
2882,152999.52674894096,152999.52674894096
2883,167568.30165931364,167568.30165931364
2884,180364.92158731943,180364.92158731943
2885,175291.25576462093,175291.25576462093
2886,198139.54437519747,198139.54437519747
2887,111417.71400468773,111417.71400468773
2888,120996.23522115492,120996.23522115492
2889,68138.03243368707,68138.03243368707
2890,79167.07749941552,79167.07749941552
2891,137464.41235034808,137464.41235034808
2892,71420.742727316,71420.742727316
2893,108390.07261324543,108390.07261324543
2894,62471.54334560959,62471.54334560959
2895,286543.4962306501,286543.4962306501
2896,274056.4913198967,274056.4913198967
2897,194921.20590576838,194921.20590576838
2898,145757.98944704563,145757.98944704563
2899,222717.53382636243,222717.53382636243
2900,153624.66426704387,153624.66426704387
2901,186191.85660804756,186191.85660804756
2902,183721.1078580653,183721.1078580653
2903,338988.0717176242,338988.0717176242
2904,341683.677744342,341683.677744342
2905,109828.91924589865,109828.91924589865
2906,206439.98208886824,206439.98208886824
2907,113560.11408471862,113560.11408471862
2908,126918.59672706094,126918.59672706094
2909,140077.72227556782,140077.72227556782
2910,81621.83396220389,81621.83396220389
2911,85406.72015624667,85406.72015624667
2912,148394.53595971692,148394.53595971692
2913,89709.58256302286,89709.58256302286
2914,80878.72635419646,80878.72635419646
2915,82777.25136013786,82777.25136013786
2916,86230.27324400206,86230.27324400206
2917,168774.62493816036,168774.62493816036
2918,112730.19706783499,112730.19706783499
2919,241038.96773149344,241038.96773149344
